{
    "weights": [
        -13.708257425601143,
        -5.881347561555786,
        11.039057416894027
    ],
    "bias": 7.474031156283507,
    "scale": 1000
}